<?xml version="1.0" encoding="UTF-8"?>
<project-private xmlns="http://www.netbeans.org/ns/project-private/1">
    <editor-bookmarks xmlns="http://www.netbeans.org/ns/editor-bookmarks/2" lastBookmarkId="0"/>
    <open-files xmlns="http://www.netbeans.org/ns/projectui-open-files/2">
        <group>
            <file>file:/C:/Users/yuxnel/Documents/NetBeansProjects/Modulo%20Bodega/src/controller/main.java</file>
            <file>file:/C:/Users/yuxnel/Documents/NetBeansProjects/Modulo%20Bodega/src/model/Proveedor.java</file>
            <file>file:/C:/Users/yuxnel/Documents/NetBeansProjects/Modulo%20Bodega/src/model/Gerente.java</file>
            <file>file:/C:/Users/yuxnel/Documents/NetBeansProjects/Modulo%20Bodega/src/model/Bodega.java</file>
            <file>file:/C:/Users/yuxnel/Documents/NetBeansProjects/Modulo%20Bodega/src/controller/CRUD.java</file>
            <file>file:/C:/Users/yuxnel/Documents/NetBeansProjects/Modulo%20Bodega/src/model/ProductosTerminados.java</file>
            <file>file:/C:/Users/yuxnel/Documents/NetBeansProjects/Modulo%20Bodega/src/model/MateriaPrima2.java</file>
            <file>file:/C:/Users/yuxnel/Documents/NetBeansProjects/Modulo%20Bodega/src/model/MateriaPrima1.java</file>
        </group>
    </open-files>
</project-private>
